x	y	radius	distance_x	distance_y	zone	edge
12	47	-0.985072261	-132000	-9963.43	E1	1
12	48	-0.982520571	-132000	-2933.33	E1	1
12	49	-0.982751033	-132000	4096.76	E1	1
12	50	-0.985761696	-132000	11126.86	E1	1
13	43	-0.980472259	-126133.33	-38083.82	E1	1
13	44	-0.966649231	-126133.33	-31053.72	E1	1
13	45	-0.955494233	-126133.33	-24023.62	E1	1
13	46	-0.947101541	-126133.33	-16993.53	E1	1
13	47	-0.941545025	-126133.33	-9963.43	E20	2
13	48	-0.938875044	-126133.33	-2933.33	E20	2
13	49	-0.939116218	-126133.33	4096.76	E20	2
13	50	-0.94226631	-126133.33	11126.86	E20	2
13	51	-0.948296332	-126133.33	18156.96	E1	1
13	52	-0.957151857	-126133.33	25187.05	E1	1
13	53	-0.968755401	-126133.33	32217.15	E1	1
13	54	-0.983009656	-126133.33	39247.25	E1	1
14	41	-0.975463178	-120266.67	-52144.01	E1	1
14	42	-0.95585882	-120266.67	-45113.91	E1	1
14	43	-0.938763741	-120266.67	-38083.82	E20	2
14	44	-0.924317179	-120266.67	-31053.72	E20	2
14	45	-0.912644914	-120266.67	-24023.62	E20	2
14	46	-0.903854435	-120266.67	-16993.53	E20	2
14	47	-0.89803037	-120266.67	-9963.43	E20	3
14	48	-0.895230618	-120266.67	-2933.33	E20	3
14	49	-0.895483546	-120266.67	4096.76	E20	3
14	50	-0.898786576	-120266.67	11126.86	E20	3
14	51	-0.905106317	-120266.67	18156.96	E20	2
14	52	-0.91438022	-120266.67	25187.05	E20	2
14	53	-0.926519583	-120266.67	32217.15	E20	2
14	54	-0.941413562	-120266.67	39247.25	E20	2
14	55	-0.958933813	-120266.67	46277.34	E1	1
14	56	-0.978939339	-120266.67	53307.44	E1	1
15	40	-0.958450672	-114400	-59174.11	E1	1
15	41	-0.935570283	-114400	-52144.01	E20	2
15	42	-0.915111701	-114400	-45113.91	E20	2
15	43	-0.897240605	-114400	-38083.82	E20	3
15	44	-0.882114272	-114400	-31053.72	E20	3
15	45	-0.8698759	-114400	-24023.62	E20	3
15	46	-0.860648698	-114400	-16993.53	E20	3
15	47	-0.854530215	-114400	-9963.43	E20	4
15	48	-0.85158746	-114400	-2933.33	E20	4
15	49	-0.851853346	-114400	4096.76	E20	4
15	50	-0.855324881	-114400	11126.86	E20	4
15	51	-0.861963333	-114400	18156.96	E20	3
15	52	-0.871696352	-114400	25187.05	E20	3
15	53	-0.884421777	-114400	32217.15	E20	3
15	54	-0.900012687	-114400	39247.25	E20	3
15	55	-0.918323146	-114400	46277.34	E20	2
15	56	-0.939194108	-114400	53307.44	E20	2
15	57	-0.962459012	-114400	60337.54	E1	1
16	38	-0.974317997	-108533.33	-73234.3	E1	1
16	39	-0.946050955	-108533.33	-66204.2	E1	1
16	40	-0.919892855	-108533.33	-59174.11	E20	2
16	41	-0.89602842	-108533.33	-52144.01	E20	3
16	42	-0.874645414	-108533.33	-45113.91	E20	3
16	43	-0.855929833	-108533.33	-38083.82	E20	4
16	44	-0.840059977	-108533.33	-31053.72	E20	4
16	45	-0.827199647	-108533.33	-24023.62	C80	4
16	46	-0.817490891	-108533.33	-16993.53	C80	4
16	47	-0.811046893	-108533.33	-9963.43	C80	5
16	48	-0.807945776	-108533.33	-2933.33	C80	5
16	49	-0.808226019	-108533.33	4096.76	C80	5
16	50	-0.811884122	-108533.33	11126.86	C80	5
16	51	-0.818874815	-108533.33	18156.96	C80	4
16	52	-0.829113807	-108533.33	25187.05	C80	4
16	53	-0.842482673	-108533.33	32217.15	E20	4
16	54	-0.858835265	-108533.33	39247.25	E20	4
16	55	-0.878004884	-108533.33	46277.34	E20	3
16	56	-0.899811506	-108533.33	53307.44	E20	3
16	57	-0.924068463	-108533.33	60337.54	E20	2
16	58	-0.950588192	-108533.33	67367.63	E1	1
16	59	-0.979186858	-108533.33	74397.73	E1	1
17	37	-0.96976251	-102666.67	-80264.4	E1	1
17	38	-0.938446892	-102666.67	-73234.3	E20	2
17	39	-0.909065134	-102666.67	-66204.2	E20	2
17	40	-0.881810566	-102666.67	-59174.11	E20	3
17	41	-0.856886188	-102666.67	-52144.01	E20	4
17	42	-0.834500815	-102666.67	-45113.91	E20	4
17	43	-0.814863724	-102666.67	-38083.82	C80	5
17	44	-0.798177783	-102666.67	-31053.72	C80	5
17	45	-0.784631293	-102666.67	-24023.62	C80	5
17	46	-0.774389027	-102666.67	-16993.53	C80	5
17	47	-0.767583268	-102666.67	-9963.43	C80	6
17	48	-0.76430582	-102666.67	-2933.33	C80	6
17	49	-0.764602058	-102666.67	4096.76	C80	6
17	50	-0.76846785	-102666.67	11126.86	C80	6
17	51	-0.775849838	-102666.67	18156.96	C80	5
17	52	-0.786649041	-102666.67	25187.05	C80	5
17	53	-0.800727209	-102666.67	32217.15	C80	5
17	54	-0.817915045	-102666.67	39247.25	C80	5
17	55	-0.838021232	-102666.67	46277.34	E20	4
17	56	-0.860841307	-102666.67	53307.44	E20	4
17	57	-0.886165636	-102666.67	60337.54	E20	3
17	58	-0.913786036	-102666.67	67367.63	E20	2
17	59	-0.943500881	-102666.67	74397.73	E20	2
17	60	-0.975118717	-102666.67	81427.83	E1	1
18	36	-0.969983779	-96800	-87294.49	E1	1
18	37	-0.935755399	-96800	-80264.4	E20	2
18	38	-0.90326154	-96800	-73234.3	E20	3
18	39	-0.872695972	-96800	-66204.2	E20	3
18	40	-0.844268154	-96800	-59174.11	E20	4
18	41	-0.818200941	-96800	-52144.01	C80	5
18	42	-0.794726652	-96800	-45113.91	C80	5
18	43	-0.774081216	-96800	-38083.82	C80	6
18	44	-0.756496275	-96800	-31053.72	C80	6
18	45	-0.742189401	-96800	-24023.62	C80	6
18	46	-0.731352997	-96800	-16993.53	C80	6
18	47	-0.724142882	-96800	-9963.43	C80	7
18	48	-0.720667904	-96800	-2933.33	C80	7
18	49	-0.720982072	-96800	4096.76	C80	7
18	50	-0.725080462	-96800	11126.86	C80	7
18	51	-0.732899592	-96800	18156.96	C80	6
18	52	-0.744322212	-96800	25187.05	C80	6
18	53	-0.759185685	-96800	32217.15	C80	6
18	54	-0.777292649	-96800	39247.25	C80	6
18	55	-0.798422461	-96800	46277.34	C80	5
18	56	-0.822342141	-96800	53307.44	C80	5
18	57	-0.848815867	-96800	60337.54	E20	4
18	58	-0.877612535	-96800	67367.63	E20	3
18	59	-0.908511284	-96800	74397.73	E20	3
18	60	-0.941305133	-96800	81427.83	E20	2
18	61	-0.975803034	-96800	88457.92	E1	1
19	35	-0.974978552	-90933.33	-94324.59	E1	1
19	36	-0.938018766	-90933.33	-87294.49	E20	2
19	37	-0.902578994	-90933.33	-80264.4	E20	3
19	38	-0.868845259	-90933.33	-73234.3	E20	4
19	39	-0.837023855	-90933.33	-66204.2	E20	4
19	40	-0.807340938	-90933.33	-59174.11	C80	5
19	41	-0.780040674	-90933.33	-52144.01	C80	6
19	42	-0.755381443	-90933.33	-45113.91	C80	6
19	43	-0.733629609	-90933.33	-38083.82	C80	7
19	44	-0.71505055	-90933.33	-31053.72	C80	7
19	45	-0.699896979	-90933.33	-24023.62	C80	7
19	46	-0.688395149	-90933.33	-16993.53	C80	7
19	47	-0.680730187	-90933.33	-9963.43	C80	8
19	48	-0.677032423	-90933.33	-2933.33	C80	8
19	49	-0.67736683	-90933.33	4096.76	C80	8
19	50	-0.681727476	-90933.33	11126.86	C80	8
19	51	-0.690038033	-90933.33	18156.96	C80	7
19	52	-0.702158265	-90933.33	25187.05	C80	7
19	53	-0.717895242	-90933.33	32217.15	C80	7
19	54	-0.737017324	-90933.33	39247.25	C80	7
19	55	-0.759268793	-90933.33	46277.34	C80	6
19	56	-0.78438337	-90933.33	53307.44	C80	6
19	57	-0.812095468	-90933.33	60337.54	C80	5
19	58	-0.842148701	-90933.33	67367.63	E20	4
19	59	-0.87430168	-90933.33	74397.73	E20	4
19	60	-0.908331453	-90933.33	81427.83	E20	3
19	61	-0.944035081	-90933.33	88457.92	E20	2
19	62	-0.981229865	-90933.33	95488.02	E1	1
20	35	-0.945201399	-85066.67	-94324.59	E1	1
20	36	-0.907029058	-85066.67	-87294.49	E20	2
20	37	-0.870328299	-85066.67	-80264.4	E20	3
20	38	-0.835293117	-85066.67	-73234.3	E20	4
20	39	-0.802141783	-85066.67	-66204.2	C80	5
20	40	-0.771117304	-85066.67	-59174.11	C80	6
20	41	-0.742486337	-85066.67	-52144.01	C80	7
20	42	-0.716535855	-85066.67	-45113.91	C80	7
20	43	-0.693566803	-85066.67	-38083.82	C80	8
20	44	-0.673884111	-85066.67	-31053.72	C80	8
20	45	-0.657782858	-85066.67	-24023.62	C80	8
20	46	-0.64553109	-85066.67	-16993.53	C80	8
20	47	-0.637350841	-85066.67	-9963.43	C80	9
20	48	-0.633399881	-85066.67	-2933.33	C80	9
20	49	-0.633757312	-85066.67	4096.76	C80	9
20	50	-0.638415898	-85066.67	11126.86	C80	9
20	51	-0.647282777	-85066.67	18156.96	C80	8
20	52	-0.66018841	-85066.67	25187.05	C80	8
20	53	-0.676901829	-85066.67	32217.15	C80	8
20	54	-0.697149226	-85066.67	39247.25	C80	8
20	55	-0.720632782	-85066.67	46277.34	C80	7
20	56	-0.747047374	-85066.67	53307.44	C80	7
20	57	-0.776093781	-85066.67	60337.54	C80	6
20	58	-0.807488045	-85066.67	67367.63	C80	5
20	59	-0.840967262	-85066.67	74397.73	E20	4
20	60	-0.876292494	-85066.67	81427.83	E20	3
20	61	-0.913249551	-85066.67	88457.92	E20	2
20	62	-0.951648336	-85066.67	95488.02	E1	1
21	34	-0.957192564	-79200	-101354.69	E1	1
21	35	-0.916536974	-79200	-94324.59	E20	2
21	36	-0.877118038	-79200	-87294.49	E20	3
21	37	-0.839110057	-79200	-80264.4	E20	4
21	38	-0.80271348	-79200	-73234.3	C80	5
21	39	-0.768157393	-79200	-66204.2	C80	6
21	40	-0.735701187	-79200	-59174.11	C80	7
21	41	-0.705634679	-79200	-52144.01	C80	8
21	42	-0.678275734	-79200	-45113.91	C80	8
21	43	-0.653964258	-79200	-38083.82	C80	9
21	44	-0.633051448	-79200	-31053.72	C80	9
21	45	-0.615883616	-79200	-24023.62	C80	9
21	46	-0.602780829	-79200	-16993.53	C80	9
21	47	-0.59401215	-79200	-9963.43	C80	10
21	48	-0.589770929	-79200	-2933.33	C80	10
21	49	-0.590154785	-79200	4096.76	C80	10
21	50	-0.595154768	-79200	11126.86	C80	10
21	51	-0.604656377	-79200	18156.96	C80	9
21	52	-0.618452162	-79200	25187.05	C80	9
21	53	-0.636262859	-79200	32217.15	C80	9
21	54	-0.657762406	-79200	39247.25	C80	9
21	55	-0.682602334	-79200	46277.34	C80	8
21	56	-0.710432346	-79200	53307.44	C80	8
21	57	-0.74091558	-79200	60337.54	C80	7
21	58	-0.77373851	-79200	67367.63	C80	6
21	59	-0.808616272	-79200	74397.73	C80	5
21	60	-0.845294549	-79200	81427.83	E20	4
21	61	-0.883549139	-79200	88457.92	E20	3
21	62	-0.923184107	-79200	95488.02	E20	2
21	63	-0.96402921	-79200	102518.12	E1	1
22	33	-0.973814645	-73333.33	-108384.78	E1	1
22	34	-0.930947784	-73333.33	-101354.69	E20	2
22	35	-0.889092907	-73333.33	-94324.59	E20	3
22	36	-0.848399803	-73333.33	-87294.49	E20	4
22	37	-0.809043794	-73333.33	-80264.4	C80	5
22	38	-0.771229605	-73333.33	-73234.3	C80	6
22	39	-0.73519518	-73333.33	-66204.2	C80	7
22	40	-0.701214953	-73333.33	-59174.11	C80	8
22	41	-0.669601728	-73333.33	-52144.01	C80	9
22	42	-0.640705974	-73333.33	-45113.91	C80	9
22	43	-0.614910907	-73333.33	-38083.82	C80	10
22	44	-0.592621556	-73333.33	-31053.72	C80	10
22	45	-0.574246289	-73333.33	-24023.62	C80	10
22	46	-0.560170421	-73333.33	-16993.53	C80	10
22	47	-0.550723712	-73333.33	-9963.43	C80	11
22	48	-0.546146429	-73333.33	-2933.33	C80	11
22	49	-0.546560923	-73333.33	4096.76	C80	11
22	50	-0.55195595	-73333.33	11126.86	C80	11
22	51	-0.562188141	-73333.33	18156.96	C80	10
22	52	-0.577000216	-73333.33	25187.05	C80	10
22	53	-0.596050836	-73333.33	32217.15	C80	10
22	54	-0.61894875	-73333.33	39247.25	C80	10
22	55	-0.645284526	-73333.33	46277.34	C80	9
22	56	-0.674655683	-73333.33	53307.44	C80	9
22	57	-0.706683854	-73333.33	60337.54	C80	8
22	58	-0.741024598	-73333.33	67367.63	C80	7
22	59	-0.777371499	-73333.33	74397.73	C80	6
22	60	-0.815456343	-73333.33	81427.83	C80	5
22	61	-0.855046931	-73333.33	88457.92	E20	4
22	62	-0.895943675	-73333.33	95488.02	E20	3
22	63	-0.93797574	-73333.33	102518.12	E20	2
22	64	-0.980997206	-73333.33	109548.21	E1	1
23	33	-0.950038404	-67466.67	-108384.78	E1	1
23	34	-0.90604734	-67466.67	-101354.69	E20	2
23	35	-0.862985633	-67466.67	-94324.59	E20	3
23	36	-0.820999532	-67466.67	-87294.49	C80	4
23	37	-0.780262691	-67466.67	-80264.4	C80	5
23	38	-0.74098118	-67466.67	-73234.3	C80	6
23	39	-0.703398862	-67466.67	-66204.2	C80	7
23	40	-0.667802677	-67466.67	-59174.11	C80	8
23	41	-0.634526973	-67466.67	-52144.01	C80	9
23	42	-0.603955421	-67466.67	-45113.91	C80	10
23	43	-0.576518368	-67466.67	-38083.82	C80	11
23	44	-0.552682833	-67466.67	-31053.72	C80	11
23	45	-0.532932272	-67466.67	-24023.62	C80	11
23	46	-0.517734397	-67466.67	-16993.53	C80	11
23	47	-0.507498387	-67466.67	-9963.43	C80	12
23	48	-0.502527539	-67466.67	-2933.33	C80	12
23	49	-0.50297798	-67466.67	4096.76	C80	12
23	50	-0.508835314	-67466.67	11126.86	C80	12
23	51	-0.519916832	-67466.67	18156.96	C80	11
23	52	-0.535898549	-67466.67	25187.05	C80	11
23	53	-0.556358342	-67466.67	32217.15	C80	11
23	54	-0.580823176	-67466.67	39247.25	C80	11
23	55	-0.608810418	-67466.67	46277.34	C80	10
23	56	-0.639858029	-67466.67	53307.44	C80	9
23	57	-0.673542927	-67466.67	60337.54	C80	8
23	58	-0.709489578	-67466.67	67367.63	C80	7
23	59	-0.747371697	-67466.67	74397.73	C80	6
23	60	-0.786909813	-67466.67	81427.83	C80	5
23	61	-0.827866692	-67466.67	88457.92	C80	4
23	62	-0.870041996	-67466.67	95488.02	E20	3
23	63	-0.913266935	-67466.67	102518.12	E20	2
23	64	-0.957399355	-67466.67	109548.21	E1	1
24	32	-0.973533564	-61600	-115414.88	E1	1
24	33	-0.927708363	-61600	-108384.78	E20	2
24	34	-0.88260502	-61600	-101354.69	E20	3
24	35	-0.838340051	-61600	-94324.59	E20	4
24	36	-0.795053501	-61600	-87294.49	C80	5
24	37	-0.752914142	-61600	-80264.4	C80	6
24	38	-0.712125654	-61600	-73234.3	C80	7
24	39	-0.672933724	-61600	-66204.2	C80	8
24	40	-0.635633742	-61600	-59174.11	C80	9
24	41	-0.600578319	-61600	-52144.01	C80	10
24	42	-0.568183059	-61600	-45113.91	C80	11
24	43	-0.538927887	-61600	-38083.82	C80	12
24	44	-0.513349932	-61600	-31053.72	C80	12
24	45	-0.492023013	-61600	-24023.62	C80	12
24	46	-0.475519447	-61600	-16993.53	C80	12
24	47	-0.4643538	-61600	-9963.43	C80	13
24	48	-0.458915859	-61600	-2933.33	C80	13
24	49	-0.459409063	-61600	4096.76	C80	13
24	50	-0.465814572	-61600	11126.86	C80	13
24	51	-0.477894707	-61600	18156.96	C80	12
24	52	-0.495234382	-61600	25187.05	C80	12
24	53	-0.517304981	-61600	32217.15	C80	12
24	54	-0.543530496	-61600	39247.25	C80	12
24	55	-0.573341054	-61600	46277.34	C80	11
24	56	-0.606207997	-61600	53307.44	C80	10
24	57	-0.641661837	-61600	60337.54	C80	9
24	58	-0.679297651	-61600	67367.63	C80	8
24	59	-0.718772768	-61600	74397.73	C80	7
24	60	-0.75980056	-61600	81427.83	C80	6
24	61	-0.802142817	-61600	88457.92	C80	5
24	62	-0.845602101	-61600	95488.02	E20	4
24	63	-0.890014794	-61600	102518.12	E20	3
24	64	-0.935245082	-61600	109548.21	E20	2
24	65	-0.981179901	-61600	116578.31	E1	1
25	32	-0.953755352	-55733.33	-115414.88	E1	1
25	33	-0.906931352	-55733.33	-108384.78	E20	2
25	34	-0.860739968	-55733.33	-101354.69	E20	3
25	35	-0.81528873	-55733.33	-94324.59	C80	4
25	36	-0.770708597	-55733.33	-87294.49	C80	5
25	37	-0.727159801	-55733.33	-80264.4	C80	6
25	38	-0.684839119	-55733.33	-73234.3	C80	7
25	39	-0.643988718	-55733.33	-66204.2	C80	8
25	40	-0.604906543	-55733.33	-59174.11	C80	9
25	41	-0.567957735	-55733.33	-52144.01	C80	10
25	42	-0.533585663	-55733.33	-45113.91	C80	11
25	43	-0.502319558	-55733.33	-38083.82	C80	12
25	44	-0.474773445	-55733.33	-31053.72	C80	13
25	45	-0.451628516	-55733.33	-24023.62	C80	13
25	46	-0.433590148	-55733.33	-16993.53	C80	13
25	47	-0.421314755	-55733.33	-9963.43	C80	14
25	48	-0.415313661	-55733.33	-2933.33	C80	14
25	49	-0.41585858	-55733.33	4096.76	C80	14
25	50	-0.422924209	-55733.33	11126.86	C80	14
25	51	-0.436193789	-55733.33	18156.96	C80	13
25	52	-0.455124999	-55733.33	25187.05	C80	13
25	53	-0.47904709	-55733.33	32217.15	C80	13
25	54	-0.507254444	-55733.33	39247.25	C80	12
25	55	-0.539074796	-55733.33	46277.34	C80	11
25	56	-0.57390749	-55733.33	53307.44	C80	10
25	57	-0.611237748	-55733.33	60337.54	C80	9
25	58	-0.65063582	-55733.33	67367.63	C80	8
25	59	-0.691748483	-55733.33	74397.73	C80	7
25	60	-0.734287793	-55733.33	81427.83	C80	6
25	61	-0.778019775	-55733.33	88457.92	C80	5
25	62	-0.822754267	-55733.33	95488.02	C80	4
25	63	-0.868336343	-55733.33	102518.12	E20	3
25	64	-0.914639292	-55733.33	109548.21	E20	2
25	65	-0.961558979	-55733.33	116578.31	E1	1
26	32	-0.93559755	-49866.67	-115414.88	E1	1
26	33	-0.887816413	-49866.67	-108384.78	E20	2
26	34	-0.840575277	-49866.67	-101354.69	E20	3
26	35	-0.793970539	-49866.67	-94324.59	C80	4
26	36	-0.748121143	-49866.67	-87294.49	C80	5
26	37	-0.703174858	-49866.67	-80264.4	C80	6
26	38	-0.659316406	-49866.67	-73234.3	C80	7
26	39	-0.616777896	-49866.67	-66204.2	C80	8
26	40	-0.575851916	-49866.67	-59174.11	C80	9
26	41	-0.536907342	-49866.67	-52144.01	C80	10
26	42	-0.500406999	-49866.67	-45113.91	C80	11
26	43	-0.466924451	-49866.67	-38083.82	C80	12
26	44	-0.437153667	-49866.67	-31053.72	C80	13
26	45	-0.411900256	-49866.67	-24023.62	C80	14
26	46	-0.392038162	-49866.67	-16993.53	C80	14
26	47	-0.378417266	-49866.67	-9963.43	C80	15
26	48	-0.371724281	-49866.67	-2933.33	C80	15
26	49	-0.372332999	-49866.67	4096.76	C80	15
26	50	-0.380208352	-49866.67	11126.86	C80	15
26	51	-0.394915847	-49866.67	18156.96	C80	14
26	52	-0.415731005	-49866.67	25187.05	C80	14
26	53	-0.441791375	-49866.67	32217.15	C80	13
26	54	-0.472229367	-49866.67	39247.25	C80	12
26	55	-0.506256002	-49866.67	46277.34	C80	11
26	56	-0.543197304	-49866.67	53307.44	C80	10
26	57	-0.582499004	-49866.67	60337.54	C80	9
26	58	-0.623715059	-49866.67	67367.63	C80	8
26	59	-0.666490411	-49866.67	74397.73	C80	7
26	60	-0.710543501	-49866.67	81427.83	C80	6
26	61	-0.755650894	-49866.67	88457.92	C80	5
26	62	-0.801634635	-49866.67	95488.02	C80	4
26	63	-0.848352232	-49866.67	102518.12	E20	3
26	64	-0.895688863	-49866.67	109548.21	E20	2
26	65	-0.943551363	-49866.67	116578.31	E1	1
27	31	-0.968218215	-44000	-122444.98	E1	1
27	32	-0.919156196	-44000	-115414.88	E20	2
27	33	-0.870473043	-44000	-108384.78	E20	3
27	34	-0.822236057	-44000	-101354.69	C80	4
27	35	-0.774528601	-44000	-94324.59	C80	5
27	36	-0.727454866	-44000	-87294.49	C80	6
27	37	-0.681146253	-44000	-80264.4	C80	7
27	38	-0.635769974	-44000	-73234.3	C80	8
27	39	-0.591540624	-44000	-66204.2	C80	9
27	40	-0.548735607	-44000	-59174.11	C80	10
27	41	-0.507715305	-44000	-52144.01	C80	11
27	42	-0.468948293	-44000	-45113.91	C80	12
27	43	-0.43304016	-44000	-38083.82	C80	13
27	44	-0.400760109	-44000	-31053.72	C80	14
27	45	-0.373051146	-44000	-24023.62	C80	15
27	46	-0.350997518	-44000	-16993.53	C80	15
27	47	-0.3357156	-44000	-9963.43	C80	16
27	48	-0.328152828	-44000	-2933.33	C80	16
27	49	-0.328842211	-44000	4096.76	C80	16
27	50	-0.33773322	-44000	11126.86	C80	16
27	51	-0.354208785	-44000	18156.96	C80	15
27	52	-0.377276564	-44000	25187.05	C80	15
27	53	-0.405813942	-44000	32217.15	C80	14
27	54	-0.438754957	-44000	39247.25	C80	13
27	55	-0.475184676	-44000	46277.34	C80	12
27	56	-0.51436237	-44000	53307.44	C80	11
27	57	-0.555707141	-44000	60337.54	C80	10
27	58	-0.59877025	-44000	67367.63	C80	9
27	59	-0.643206658	-44000	74397.73	C80	8
27	60	-0.688750611	-44000	81427.83	C80	7
27	61	-0.735196308	-44000	88457.92	C80	6
27	62	-0.782383171	-44000	95488.02	C80	5
27	63	-0.830184827	-44000	102518.12	C80	4
27	64	-0.878500925	-44000	109548.21	E20	3
27	65	-0.927251051	-44000	116578.31	E20	2
27	66	-0.976370193	-44000	123608.41	E1	1
28	31	-0.954339396	-38133.33	-122444.98	E1	1
28	32	-0.904524893	-38133.33	-115414.88	E20	2
28	33	-0.855009058	-38133.33	-108384.78	E20	3
28	34	-0.805846948	-38133.33	-101354.69	C80	4
28	35	-0.757107472	-38133.33	-94324.59	C80	5
28	36	-0.708877812	-38133.33	-87294.49	C80	6
28	37	-0.661269527	-38133.33	-80264.4	C80	7
28	38	-0.614427075	-38133.33	-73234.3	C80	8
28	39	-0.568539779	-38133.33	-66204.2	C80	9
28	40	-0.523858699	-38133.33	-59174.11	C80	10
28	41	-0.480720293	-38133.33	-52144.01	C80	11
28	42	-0.439578971	-38133.33	-45113.91	C80	12
28	43	-0.40104981	-38133.33	-38083.82	C80	13
28	44	-0.365958789	-38133.33	-31053.72	C80	14
28	45	-0.335386833	-38133.33	-24023.62	C80	15
28	46	-0.310670931	-38133.33	-16993.53	C80	16
28	47	-0.293295302	-38133.33	-9963.43	C80	17
28	48	-0.284607534	-38133.33	-2933.33	C80	17
28	49	-0.285402119	-38133.33	4096.76	C80	17
28	50	-0.295602601	-38133.33	11126.86	C80	17
28	51	-0.314294501	-38133.33	18156.96	C80	16
28	52	-0.340080543	-38133.33	25187.05	C80	15
28	53	-0.371486373	-38133.33	32217.15	C80	14
28	54	-0.407213804	-38133.33	39247.25	C80	13
28	55	-0.446226004	-38133.33	46277.34	C80	12
28	56	-0.487735397	-38133.33	53307.44	C80	11
28	57	-0.531156847	-38133.33	60337.54	C80	10
28	58	-0.576058141	-38133.33	67367.63	C80	9
28	59	-0.622118939	-38133.33	74397.73	C80	8
28	60	-0.669099824	-38133.33	81427.83	C80	7
28	61	-0.716819909	-38133.33	88457.92	C80	6
28	62	-0.765140899	-38133.33	95488.02	C80	5
28	63	-0.813955783	-38133.33	102518.12	C80	4
28	64	-0.863180772	-38133.33	109548.21	E20	3
28	65	-0.912749517	-38133.33	116578.31	E20	2
28	66	-0.962608915	-38133.33	123608.41	E1	1
29	31	-0.942280577	-32266.67	-122444.98	E1	1
29	32	-0.891792737	-32266.67	-115414.88	E20	2
29	33	-0.84152807	-32266.67	-108384.78	E20	3
29	34	-0.791529094	-32266.67	-101354.69	C80	4
29	35	-0.741849531	-32266.67	-94324.59	C80	5
29	36	-0.692558124	-32266.67	-87294.49	C80	6
29	37	-0.643744041	-32266.67	-80264.4	C80	7
29	38	-0.59552467	-32266.67	-73234.3	C80	8
29	39	-0.548057007	-32266.67	-66204.2	C80	9
29	40	-0.501554523	-32266.67	-59174.11	C80	10
29	41	-0.456312397	-32266.67	-52144.01	C80	11
29	42	-0.41274529	-32266.67	-45113.91	C80	12
29	43	-0.371443068	-32266.67	-38083.82	C80	13
29	44	-0.333248913	-32266.67	-31053.72	C80	14
29	45	-0.299354857	-32266.67	-24023.62	C80	15
29	46	-0.271376916	-32266.67	-16993.53	C80	16
29	47	-0.2512989	-32266.67	-9963.43	C80	17
29	48	-0.241102574	-32266.67	-2933.33	C80	18
29	49	-0.242040022	-32266.67	4096.76	C80	18
29	50	-0.253987993	-32266.67	11126.86	C80	17
29	51	-0.27551776	-32266.67	18156.96	C80	16
29	52	-0.304604299	-32266.67	25187.05	C80	15
29	53	-0.339309782	-32266.67	32217.15	C80	14
29	54	-0.378090049	-32266.67	39247.25	C80	13
29	55	-0.4198174	-32266.67	46277.34	C80	12
29	56	-0.463696906	-32266.67	53307.44	C80	11
29	57	-0.509172465	-32266.67	60337.54	C80	10
29	58	-0.555852485	-32266.67	67367.63	C80	9
29	59	-0.603457519	-32266.67	74397.73	C80	8
29	60	-0.651784916	-32266.67	81427.83	C80	7
29	61	-0.700685225	-32266.67	88457.92	C80	6
29	62	-0.750046397	-32266.67	95488.02	C80	5
29	63	-0.799783108	-32266.67	102518.12	C80	4
29	64	-0.849829423	-32266.67	109548.21	E20	3
29	65	-0.900133703	-32266.67	116578.31	E20	2
29	66	-0.950654999	-32266.67	123608.41	E1	1
30	30	-0.983313546	-26400	-129475.07	E1	1
30	31	-0.932112397	-26400	-122444.98	E20	2
30	32	-0.881042065	-26400	-115414.88	E20	3
30	33	-0.830126694	-26400	-108384.78	E20	4
30	34	-0.779396653	-26400	-101354.69	C80	5
30	35	-0.728890638	-26400	-94324.59	C80	6
30	36	-0.67865867	-26400	-87294.49	C80	7
30	37	-0.628766432	-26400	-80264.4	C80	8
30	38	-0.579301708	-26400	-73234.3	C80	9
30	39	-0.530384123	-26400	-66204.2	C80	10
30	40	-0.482180231	-26400	-59174.11	C80	11
30	41	-0.434927395	-26400	-52144.01	C80	12
30	42	-0.388972377	-26400	-45113.91	C80	13
30	43	-0.344834436	-26400	-38083.82	C80	14
30	44	-0.303307886	-26400	-31053.72	C80	15
30	45	-0.265620342	-26400	-24023.62	C80	16
30	46	-0.233637039	-26400	-16993.53	C80	17
30	47	-0.209980887	-26400	-9963.43	C80	18
30	48	-0.197664582	-26400	-2933.33	C20	19
30	49	-0.198806962	-26400	4096.76	C20	19
30	50	-0.213191783	-26400	11126.86	C80	18
30	51	-0.238434208	-26400	18156.96	C80	17
30	52	-0.27152277	-26400	25187.05	C80	16
30	53	-0.309954778	-26400	32217.15	C80	15
30	54	-0.351984263	-26400	39247.25	C80	14
30	55	-0.396468769	-26400	46277.34	C80	13
30	56	-0.442668789	-26400	53307.44	C80	12
30	57	-0.490099413	-26400	60337.54	C80	11
30	58	-0.53843553	-26400	67367.63	C80	10
30	59	-0.587453669	-26400	74397.73	C80	9
30	60	-0.636996399	-26400	81427.83	C80	8
30	61	-0.686950231	-26400	88457.92	C80	7
30	62	-0.737231601	-26400	95488.02	C80	6
30	63	-0.787777795	-26400	102518.12	C80	5
30	64	-0.838540926	-26400	109548.21	E20	4
30	65	-0.88948385	-26400	116578.31	E20	3
30	66	-0.940577356	-26400	123608.41	E20	2
30	67	-0.991798171	-26400	130638.5	E1	1
31	30	-0.975529701	-20533.33	-129475.07	E1	1
31	31	-0.923897283	-20533.33	-122444.98	E20	2
31	32	-0.872346141	-20533.33	-115414.88	E20	3
31	33	-0.820891586	-20533.33	-108384.78	C80	4
31	34	-0.769552994	-20533.33	-101354.69	C80	5
31	35	-0.718355226	-20533.33	-94324.59	C80	6
31	36	-0.667330697	-20533.33	-87294.49	C80	7
31	37	-0.61652242	-20533.33	-80264.4	C80	8
31	38	-0.565988637	-20533.33	-73234.3	C80	9
31	39	-0.51581003	-20533.33	-66204.2	C80	10
31	40	-0.466101323	-20533.33	-59174.11	C80	11
31	41	-0.417030583	-20533.33	-52144.01	C80	12
31	42	-0.368852516	-20533.33	-45113.91	C80	13
31	43	-0.321968099	-20533.33	-38083.82	C80	14
31	44	-0.277034912	-20533.33	-31053.72	C80	15
31	45	-0.235174052	-20533.33	-24023.62	C80	16
31	46	-0.198340451	-20533.33	-16993.53	C20	17
31	47	-0.169837102	-20533.33	-9963.43	C20	18
31	48	-0.154350107	-20533.33	-2933.33	C20	19
31	49	-0.155810386	-20533.33	4096.76	C20	19
31	50	-0.173791268	-20533.33	11126.86	C20	18
31	51	-0.203969459	-20533.33	18156.96	C20	17
31	52	-0.241820766	-20533.33	25187.05	C80	16
31	53	-0.284296734	-20533.33	32217.15	C80	15
31	54	-0.329614304	-20533.33	39247.25	C80	14
31	55	-0.376749457	-20533.33	46277.34	C80	13
31	56	-0.425098018	-20533.33	53307.44	C80	12
31	57	-0.47428905	-20533.33	60337.54	C80	11
31	58	-0.524085383	-20533.33	67367.63	C80	10
31	59	-0.574329593	-20533.33	74397.73	C80	9
31	60	-0.624913659	-20533.33	81427.83	C80	8
31	61	-0.675761266	-20533.33	88457.92	C80	7
31	62	-0.726817104	-20533.33	95488.02	C80	6
31	63	-0.778040181	-20533.33	102518.12	C80	5
31	64	-0.829399513	-20533.33	109548.21	C80	4
31	65	-0.880871266	-20533.33	116578.31	E20	3
31	66	-0.932436824	-20533.33	123608.41	E20	2
31	67	-0.98408144	-20533.33	130638.5	E1	1
32	30	-0.969650813	-14666.67	-129475.07	E1	1
32	31	-0.917687687	-14666.67	-122444.98	E20	2
32	32	-0.86576688	-14666.67	-115414.88	E20	3
32	33	-0.813896491	-14666.67	-108384.78	C80	4
32	34	-0.762086814	-14666.67	-101354.69	C80	5
32	35	-0.710351133	-14666.67	-94324.59	C80	6
32	36	-0.658706885	-14666.67	-87294.49	C80	7
32	37	-0.607177401	-14666.67	-80264.4	C80	8
32	38	-0.555794601	-14666.67	-73234.3	C80	9
32	39	-0.504603298	-14666.67	-66204.2	C80	10
32	40	-0.453668321	-14666.67	-59174.11	C80	11
32	41	-0.40308685	-14666.67	-52144.01	C80	12
32	42	-0.353010878	-14666.67	-45113.91	C80	13
32	43	-0.303690563	-14666.67	-38083.82	C80	14
32	44	-0.255563776	-14666.67	-31053.72	C80	15
32	45	-0.209454855	-14666.67	-24023.62	C80	16
32	46	-0.167043216	-14666.67	-16993.53	C20	17
32	47	-0.131943711	-14666.67	-9963.43	C20	18
32	48	-0.111303445	-14666.67	-2933.33	C20	19
32	49	-0.113319804	-14666.67	4096.76	C20	19
32	50	-0.136996008	-14666.67	11126.86	C20	18
32	51	-0.173689498	-14666.67	18156.96	C20	17
32	52	-0.216891181	-14666.67	25187.05	C80	16
32	53	-0.263418174	-14666.67	32217.15	C80	15
32	54	-0.311785328	-14666.67	39247.25	C80	14
32	55	-0.36125428	-14666.67	46277.34	C80	13
32	56	-0.41142779	-14666.67	53307.44	C80	12
32	57	-0.462076406	-14666.67	60337.54	C80	11
32	58	-0.513059441	-14666.67	67367.63	C80	10
32	59	-0.56428626	-14666.67	74397.73	C80	9
32	60	-0.615696015	-14666.67	81427.83	C80	8
32	61	-0.667246424	-14666.67	88457.92	C80	7
32	62	-0.718907229	-14666.67	95488.02	C80	6
32	63	-0.77065623	-14666.67	102518.12	C80	5
32	64	-0.82247678	-14666.67	109548.21	C80	4
32	65	-0.874356157	-14666.67	116578.31	E20	3
32	66	-0.926284477	-14666.67	123608.41	E20	2
32	67	-0.978253945	-14666.67	130638.5	E1	1
33	30	-0.965711672	-8800	-129475.07	E1	1
33	31	-0.913524507	-8800	-122444.98	E20	2
33	32	-0.861352788	-8800	-115414.88	E20	3
33	33	-0.809199501	-8800	-108384.78	C80	4
33	34	-0.757068455	-8800	-101354.69	C80	5
33	35	-0.704964586	-8800	-94324.59	C80	6
33	36	-0.652894398	-8800	-87294.49	C80	7
33	37	-0.600866649	-8800	-80264.4	C80	8
33	38	-0.548893408	-8800	-73234.3	C80	9
33	39	-0.496991773	-8800	-66204.2	C80	10
33	40	-0.445186792	-8800	-59174.11	C80	11
33	41	-0.393516637	-8800	-52144.01	C80	12
33	42	-0.342042416	-8800	-45113.91	C80	13
33	43	-0.29086817	-8800	-38083.82	C80	14
33	44	-0.240185716	-8800	-31053.72	C80	15
33	45	-0.19038821	-8800	-24023.62	C20	16
33	46	-0.142407058	-8800	-16993.53	C20	17
33	47	-0.09892157	-8800	-9963.43	C20	18
33	48	-0.069027466	-8800	-2933.33	C20	19
33	49	-0.072233733	-8800	4096.76	C20	19
33	50	-0.105566285	-8800	11126.86	C20	18
33	51	-0.150147847	-8800	18156.96	C20	17
33	52	-0.198539967	-8800	25187.05	C20	16
33	53	-0.248526595	-8800	32217.15	C80	15
33	54	-0.299309915	-8800	39247.25	C80	14
33	55	-0.350543848	-8800	46277.34	C80	13
33	56	-0.402056166	-8800	53307.44	C80	12
33	57	-0.453752068	-8800	60337.54	C80	11
33	58	-0.505575241	-8800	67367.63	C80	10
33	59	-0.557490195	-8800	74397.73	C80	9
33	60	-0.609473475	-8800	81427.83	C80	8
33	61	-0.661508975	-8800	88457.92	C80	7
33	62	-0.71358527	-8800	95488.02	C80	6
33	63	-0.765694038	-8800	102518.12	C80	5
33	64	-0.81782907	-8800	109548.21	C80	4
33	65	-0.869985646	-8800	116578.31	E20	3
33	66	-0.922160109	-8800	123608.41	E20	2
33	67	-0.974349586	-8800	130638.5	E1	1
34	30	-0.963736064	-2933.33	-129475.07	E1	1
34	31	-0.911435786	-2933.33	-122444.98	E20	2
34	32	-0.859137237	-2933.33	-115414.88	E20	3
34	33	-0.806840752	-2933.33	-108384.78	C80	4
34	34	-0.75454676	-2933.33	-101354.69	C80	5
34	35	-0.702255818	-2933.33	-94324.59	C80	6
34	36	-0.649968662	-2933.33	-87294.49	C80	7
34	37	-0.597686287	-2933.33	-80264.4	C80	8
34	38	-0.545410066	-2933.33	-73234.3	C80	9
34	39	-0.493141957	-2933.33	-66204.2	C80	10
34	40	-0.440884845	-2933.33	-59174.11	C80	11
34	41	-0.388643166	-2933.33	-52144.01	C80	12
34	42	-0.33642411	-2933.33	-45113.91	C80	13
34	43	-0.284240144	-2933.33	-38083.82	C80	14
34	44	-0.232114939	-2933.33	-31053.72	C80	15
34	45	-0.180099522	-2933.33	-24023.62	C20	16
34	46	-0.128327461	-2933.33	-16993.53	C20	17
34	47	-0.077289354	-2933.33	-9963.43	C20	18
34	48	-0.030870021	-2933.33	-2933.33	C20	19
34	49	-0.037495058	-2933.33	4096.76	C20	19
34	50	-0.085629479	-2933.33	11126.86	C20	18
34	51	-0.136866881	-2933.33	18156.96	C20	17
34	52	-0.188696279	-2933.33	25187.05	C20	16
34	53	-0.240735613	-2933.33	32217.15	C80	15
34	54	-0.292872997	-2933.33	39247.25	C80	14
34	55	-0.345063989	-2933.33	46277.34	C80	13
34	56	-0.397287462	-2933.33	53307.44	C80	12
34	57	-0.449532097	-2933.33	60337.54	C80	11
34	58	-0.501791283	-2933.33	67367.63	C80	10
34	59	-0.554060903	-2933.33	74397.73	C80	9
34	60	-0.606338259	-2933.33	81427.83	C80	8
34	61	-0.658621508	-2933.33	88457.92	C80	7
34	62	-0.710909351	-2933.33	95488.02	C80	6
34	63	-0.763200843	-2933.33	102518.12	C80	5
34	64	-0.815495282	-2933.33	109548.21	C80	4
34	65	-0.867792136	-2933.33	116578.31	E20	3
34	66	-0.920090992	-2933.33	123608.41	E20	2
34	67	-0.972391528	-2933.33	130638.5	E1	1
35	30	0.963736064	2933.33	-129475.07	E1	1
35	31	0.911435786	2933.33	-122444.98	E20	2
35	32	0.859137237	2933.33	-115414.88	E20	3
35	33	0.806840752	2933.33	-108384.78	C80	4
35	34	0.75454676	2933.33	-101354.69	C80	5
35	35	0.702255818	2933.33	-94324.59	C80	6
35	36	0.649968662	2933.33	-87294.49	C80	7
35	37	0.597686287	2933.33	-80264.4	C80	8
35	38	0.545410066	2933.33	-73234.3	C80	9
35	39	0.493141957	2933.33	-66204.2	C80	10
35	40	0.440884845	2933.33	-59174.11	C80	11
35	41	0.388643166	2933.33	-52144.01	C80	12
35	42	0.33642411	2933.33	-45113.91	C80	13
35	43	0.284240144	2933.33	-38083.82	C80	14
35	44	0.232114939	2933.33	-31053.72	C80	15
35	45	0.180099522	2933.33	-24023.62	C20	16
35	46	0.128327461	2933.33	-16993.53	C20	17
35	47	0.077289354	2933.33	-9963.43	C20	18
35	48	0.030870021	2933.33	-2933.33	C20	19
35	49	0.037495058	2933.33	4096.76	C20	19
35	50	0.085629479	2933.33	11126.86	C20	18
35	51	0.136866881	2933.33	18156.96	C20	17
35	52	0.188696279	2933.33	25187.05	C20	16
35	53	0.240735613	2933.33	32217.15	C80	15
35	54	0.292872997	2933.33	39247.25	C80	14
35	55	0.345063989	2933.33	46277.34	C80	13
35	56	0.397287462	2933.33	53307.44	C80	12
35	57	0.449532097	2933.33	60337.54	C80	11
35	58	0.501791283	2933.33	67367.63	C80	10
35	59	0.554060903	2933.33	74397.73	C80	9
35	60	0.606338259	2933.33	81427.83	C80	8
35	61	0.658621508	2933.33	88457.92	C80	7
35	62	0.710909351	2933.33	95488.02	C80	6
35	63	0.763200843	2933.33	102518.12	C80	5
35	64	0.815495282	2933.33	109548.21	C80	4
35	65	0.867792136	2933.33	116578.31	E20	3
35	66	0.920090992	2933.33	123608.41	E20	2
35	67	0.972391528	2933.33	130638.5	E1	1
36	30	0.965711672	8800	-129475.07	E1	1
36	31	0.913524507	8800	-122444.98	E20	2
36	32	0.861352788	8800	-115414.88	E20	3
36	33	0.809199501	8800	-108384.78	C80	4
36	34	0.757068455	8800	-101354.69	C80	5
36	35	0.704964586	8800	-94324.59	C80	6
36	36	0.652894398	8800	-87294.49	C80	7
36	37	0.600866649	8800	-80264.4	C80	8
36	38	0.548893408	8800	-73234.3	C80	9
36	39	0.496991773	8800	-66204.2	C80	10
36	40	0.445186792	8800	-59174.11	C80	11
36	41	0.393516637	8800	-52144.01	C80	12
36	42	0.342042416	8800	-45113.91	C80	13
36	43	0.29086817	8800	-38083.82	C80	14
36	44	0.240185716	8800	-31053.72	C80	15
36	45	0.19038821	8800	-24023.62	C20	16
36	46	0.142407058	8800	-16993.53	C20	17
36	47	0.09892157	8800	-9963.43	C20	18
36	48	0.069027466	8800	-2933.33	C20	19
36	49	0.072233733	8800	4096.76	C20	19
36	50	0.105566285	8800	11126.86	C20	18
36	51	0.150147847	8800	18156.96	C20	17
36	52	0.198539967	8800	25187.05	C20	16
36	53	0.248526595	8800	32217.15	C80	15
36	54	0.299309915	8800	39247.25	C80	14
36	55	0.350543848	8800	46277.34	C80	13
36	56	0.402056166	8800	53307.44	C80	12
36	57	0.453752068	8800	60337.54	C80	11
36	58	0.505575241	8800	67367.63	C80	10
36	59	0.557490195	8800	74397.73	C80	9
36	60	0.609473475	8800	81427.83	C80	8
36	61	0.661508975	8800	88457.92	C80	7
36	62	0.71358527	8800	95488.02	C80	6
36	63	0.765694038	8800	102518.12	C80	5
36	64	0.81782907	8800	109548.21	C80	4
36	65	0.869985646	8800	116578.31	E20	3
36	66	0.922160109	8800	123608.41	E20	2
36	67	0.974349586	8800	130638.5	E1	1
37	30	0.969650813	14666.67	-129475.07	E1	1
37	31	0.917687687	14666.67	-122444.98	E20	2
37	32	0.86576688	14666.67	-115414.88	E20	3
37	33	0.813896491	14666.67	-108384.78	C80	4
37	34	0.762086814	14666.67	-101354.69	C80	5
37	35	0.710351133	14666.67	-94324.59	C80	6
37	36	0.658706885	14666.67	-87294.49	C80	7
37	37	0.607177401	14666.67	-80264.4	C80	8
37	38	0.555794601	14666.67	-73234.3	C80	9
37	39	0.504603298	14666.67	-66204.2	C80	10
37	40	0.453668321	14666.67	-59174.11	C80	11
37	41	0.40308685	14666.67	-52144.01	C80	12
37	42	0.353010878	14666.67	-45113.91	C80	13
37	43	0.303690563	14666.67	-38083.82	C80	14
37	44	0.255563776	14666.67	-31053.72	C80	15
37	45	0.209454855	14666.67	-24023.62	C80	16
37	46	0.167043216	14666.67	-16993.53	C20	17
37	47	0.131943711	14666.67	-9963.43	C20	18
37	48	0.111303445	14666.67	-2933.33	C20	19
37	49	0.113319804	14666.67	4096.76	C20	19
37	50	0.136996008	14666.67	11126.86	C20	18
37	51	0.173689498	14666.67	18156.96	C20	17
37	52	0.216891181	14666.67	25187.05	C80	16
37	53	0.263418174	14666.67	32217.15	C80	15
37	54	0.311785328	14666.67	39247.25	C80	14
37	55	0.36125428	14666.67	46277.34	C80	13
37	56	0.41142779	14666.67	53307.44	C80	12
37	57	0.462076406	14666.67	60337.54	C80	11
37	58	0.513059441	14666.67	67367.63	C80	10
37	59	0.56428626	14666.67	74397.73	C80	9
37	60	0.615696015	14666.67	81427.83	C80	8
37	61	0.667246424	14666.67	88457.92	C80	7
37	62	0.718907229	14666.67	95488.02	C80	6
37	63	0.77065623	14666.67	102518.12	C80	5
37	64	0.82247678	14666.67	109548.21	C80	4
37	65	0.874356157	14666.67	116578.31	E20	3
37	66	0.926284477	14666.67	123608.41	E20	2
37	67	0.978253945	14666.67	130638.5	E1	1
38	30	0.975529701	20533.33	-129475.07	E1	1
38	31	0.923897283	20533.33	-122444.98	E20	2
38	32	0.872346141	20533.33	-115414.88	E20	3
38	33	0.820891586	20533.33	-108384.78	C80	4
38	34	0.769552994	20533.33	-101354.69	C80	5
38	35	0.718355226	20533.33	-94324.59	C80	6
38	36	0.667330697	20533.33	-87294.49	C80	7
38	37	0.61652242	20533.33	-80264.4	C80	8
38	38	0.565988637	20533.33	-73234.3	C80	9
38	39	0.51581003	20533.33	-66204.2	C80	10
38	40	0.466101323	20533.33	-59174.11	C80	11
38	41	0.417030583	20533.33	-52144.01	C80	12
38	42	0.368852516	20533.33	-45113.91	C80	13
38	43	0.321968099	20533.33	-38083.82	C80	14
38	44	0.277034912	20533.33	-31053.72	C80	15
38	45	0.235174052	20533.33	-24023.62	C80	16
38	46	0.198340451	20533.33	-16993.53	C20	17
38	47	0.169837102	20533.33	-9963.43	C20	18
38	48	0.154350107	20533.33	-2933.33	C20	19
38	49	0.155810386	20533.33	4096.76	C20	19
38	50	0.173791268	20533.33	11126.86	C20	18
38	51	0.203969459	20533.33	18156.96	C20	17
38	52	0.241820766	20533.33	25187.05	C80	16
38	53	0.284296734	20533.33	32217.15	C80	15
38	54	0.329614304	20533.33	39247.25	C80	14
38	55	0.376749457	20533.33	46277.34	C80	13
38	56	0.425098018	20533.33	53307.44	C80	12
38	57	0.47428905	20533.33	60337.54	C80	11
38	58	0.524085383	20533.33	67367.63	C80	10
38	59	0.574329593	20533.33	74397.73	C80	9
38	60	0.624913659	20533.33	81427.83	C80	8
38	61	0.675761266	20533.33	88457.92	C80	7
38	62	0.726817104	20533.33	95488.02	C80	6
38	63	0.778040181	20533.33	102518.12	C80	5
38	64	0.829399513	20533.33	109548.21	C80	4
38	65	0.880871266	20533.33	116578.31	E20	3
38	66	0.932436824	20533.33	123608.41	E20	2
38	67	0.98408144	20533.33	130638.5	E1	1
39	30	0.983313546	26400	-129475.07	E1	1
39	31	0.932112397	26400	-122444.98	E20	2
39	32	0.881042065	26400	-115414.88	E20	3
39	33	0.830126694	26400	-108384.78	E20	4
39	34	0.779396653	26400	-101354.69	C80	5
39	35	0.728890638	26400	-94324.59	C80	6
39	36	0.67865867	26400	-87294.49	C80	7
39	37	0.628766432	26400	-80264.4	C80	8
39	38	0.579301708	26400	-73234.3	C80	9
39	39	0.530384123	26400	-66204.2	C80	10
39	40	0.482180231	26400	-59174.11	C80	11
39	41	0.434927395	26400	-52144.01	C80	12
39	42	0.388972377	26400	-45113.91	C80	13
39	43	0.344834436	26400	-38083.82	C80	14
39	44	0.303307886	26400	-31053.72	C80	15
39	45	0.265620342	26400	-24023.62	C80	16
39	46	0.233637039	26400	-16993.53	C80	17
39	47	0.209980887	26400	-9963.43	C80	18
39	48	0.197664582	26400	-2933.33	C20	19
39	49	0.198806962	26400	4096.76	C20	19
39	50	0.213191783	26400	11126.86	C80	18
39	51	0.238434208	26400	18156.96	C80	17
39	52	0.27152277	26400	25187.05	C80	16
39	53	0.309954778	26400	32217.15	C80	15
39	54	0.351984263	26400	39247.25	C80	14
39	55	0.396468769	26400	46277.34	C80	13
39	56	0.442668789	26400	53307.44	C80	12
39	57	0.490099413	26400	60337.54	C80	11
39	58	0.53843553	26400	67367.63	C80	10
39	59	0.587453669	26400	74397.73	C80	9
39	60	0.636996399	26400	81427.83	C80	8
39	61	0.686950231	26400	88457.92	C80	7
39	62	0.737231601	26400	95488.02	C80	6
39	63	0.787777795	26400	102518.12	C80	5
39	64	0.838540926	26400	109548.21	E20	4
39	65	0.88948385	26400	116578.31	E20	3
39	66	0.940577356	26400	123608.41	E20	2
39	67	0.991798171	26400	130638.5	E1	1
40	31	0.942280577	32266.67	-122444.98	E1	1
40	32	0.891792737	32266.67	-115414.88	E20	2
40	33	0.84152807	32266.67	-108384.78	E20	3
40	34	0.791529094	32266.67	-101354.69	C80	4
40	35	0.741849531	32266.67	-94324.59	C80	5
40	36	0.692558124	32266.67	-87294.49	C80	6
40	37	0.643744041	32266.67	-80264.4	C80	7
40	38	0.59552467	32266.67	-73234.3	C80	8
40	39	0.548057007	32266.67	-66204.2	C80	9
40	40	0.501554523	32266.67	-59174.11	C80	10
40	41	0.456312397	32266.67	-52144.01	C80	11
40	42	0.41274529	32266.67	-45113.91	C80	12
40	43	0.371443068	32266.67	-38083.82	C80	13
40	44	0.333248913	32266.67	-31053.72	C80	14
40	45	0.299354857	32266.67	-24023.62	C80	15
40	46	0.271376916	32266.67	-16993.53	C80	16
40	47	0.2512989	32266.67	-9963.43	C80	17
40	48	0.241102574	32266.67	-2933.33	C80	18
40	49	0.242040022	32266.67	4096.76	C80	18
40	50	0.253987993	32266.67	11126.86	C80	17
40	51	0.27551776	32266.67	18156.96	C80	16
40	52	0.304604299	32266.67	25187.05	C80	15
40	53	0.339309782	32266.67	32217.15	C80	14
40	54	0.378090049	32266.67	39247.25	C80	13
40	55	0.4198174	32266.67	46277.34	C80	12
40	56	0.463696906	32266.67	53307.44	C80	11
40	57	0.509172465	32266.67	60337.54	C80	10
40	58	0.555852485	32266.67	67367.63	C80	9
40	59	0.603457519	32266.67	74397.73	C80	8
40	60	0.651784916	32266.67	81427.83	C80	7
40	61	0.700685225	32266.67	88457.92	C80	6
40	62	0.750046397	32266.67	95488.02	C80	5
40	63	0.799783108	32266.67	102518.12	C80	4
40	64	0.849829423	32266.67	109548.21	E20	3
40	65	0.900133703	32266.67	116578.31	E20	2
40	66	0.950654999	32266.67	123608.41	E1	1
41	31	0.954339396	38133.33	-122444.98	E1	1
41	32	0.904524893	38133.33	-115414.88	E20	2
41	33	0.855009058	38133.33	-108384.78	E20	3
41	34	0.805846948	38133.33	-101354.69	C80	4
41	35	0.757107472	38133.33	-94324.59	C80	5
41	36	0.708877812	38133.33	-87294.49	C80	6
41	37	0.661269527	38133.33	-80264.4	C80	7
41	38	0.614427075	38133.33	-73234.3	C80	8
41	39	0.568539779	38133.33	-66204.2	C80	9
41	40	0.523858699	38133.33	-59174.11	C80	10
41	41	0.480720293	38133.33	-52144.01	C80	11
41	42	0.439578971	38133.33	-45113.91	C80	12
41	43	0.40104981	38133.33	-38083.82	C80	13
41	44	0.365958789	38133.33	-31053.72	C80	14
41	45	0.335386833	38133.33	-24023.62	C80	15
41	46	0.310670931	38133.33	-16993.53	C80	16
41	47	0.293295302	38133.33	-9963.43	C80	17
41	48	0.284607534	38133.33	-2933.33	C80	17
41	49	0.285402119	38133.33	4096.76	C80	17
41	50	0.295602601	38133.33	11126.86	C80	17
41	51	0.314294501	38133.33	18156.96	C80	16
41	52	0.340080543	38133.33	25187.05	C80	15
41	53	0.371486373	38133.33	32217.15	C80	14
41	54	0.407213804	38133.33	39247.25	C80	13
41	55	0.446226004	38133.33	46277.34	C80	12
41	56	0.487735397	38133.33	53307.44	C80	11
41	57	0.531156847	38133.33	60337.54	C80	10
41	58	0.576058141	38133.33	67367.63	C80	9
41	59	0.622118939	38133.33	74397.73	C80	8
41	60	0.669099824	38133.33	81427.83	C80	7
41	61	0.716819909	38133.33	88457.92	C80	6
41	62	0.765140899	38133.33	95488.02	C80	5
41	63	0.813955783	38133.33	102518.12	C80	4
41	64	0.863180772	38133.33	109548.21	E20	3
41	65	0.912749517	38133.33	116578.31	E20	2
41	66	0.962608915	38133.33	123608.41	E1	1
42	31	0.968218215	44000	-122444.98	E1	1
42	32	0.919156196	44000	-115414.88	E20	2
42	33	0.870473043	44000	-108384.78	E20	3
42	34	0.822236057	44000	-101354.69	C80	4
42	35	0.774528601	44000	-94324.59	C80	5
42	36	0.727454866	44000	-87294.49	C80	6
42	37	0.681146253	44000	-80264.4	C80	7
42	38	0.635769974	44000	-73234.3	C80	8
42	39	0.591540624	44000	-66204.2	C80	9
42	40	0.548735607	44000	-59174.11	C80	10
42	41	0.507715305	44000	-52144.01	C80	11
42	42	0.468948293	44000	-45113.91	C80	12
42	43	0.43304016	44000	-38083.82	C80	13
42	44	0.400760109	44000	-31053.72	C80	14
42	45	0.373051146	44000	-24023.62	C80	15
42	46	0.350997518	44000	-16993.53	C80	16
42	47	0.3357156	44000	-9963.43	C80	16
42	48	0.328152828	44000	-2933.33	C80	16
42	49	0.328842211	44000	4096.76	C80	16
42	50	0.33773322	44000	11126.86	C80	16
42	51	0.354208785	44000	18156.96	C80	16
42	52	0.377276564	44000	25187.05	C80	15
42	53	0.405813942	44000	32217.15	C80	14
42	54	0.438754957	44000	39247.25	C80	13
42	55	0.475184676	44000	46277.34	C80	12
42	56	0.51436237	44000	53307.44	C80	11
42	57	0.555707141	44000	60337.54	C80	10
42	58	0.59877025	44000	67367.63	C80	9
42	59	0.643206658	44000	74397.73	C80	8
42	60	0.688750611	44000	81427.83	C80	7
42	61	0.735196308	44000	88457.92	C80	6
42	62	0.782383171	44000	95488.02	C80	5
42	63	0.830184827	44000	102518.12	C80	4
42	64	0.878500925	44000	109548.21	E20	3
42	65	0.927251051	44000	116578.31	E20	2
42	66	0.976370193	44000	123608.41	E1	1
43	31	0.983840015	49866.67	-122444.98	E1	1
43	32	0.93559755	49866.67	-115414.88	E20	2
43	33	0.887816413	49866.67	-108384.78	E20	3
43	34	0.840575277	49866.67	-101354.69	E20	4
43	35	0.793970539	49866.67	-94324.59	C80	5
43	36	0.748121143	49866.67	-87294.49	C80	6
43	37	0.703174858	49866.67	-80264.4	C80	7
43	38	0.659316406	49866.67	-73234.3	C80	8
43	39	0.616777896	49866.67	-66204.2	C80	9
43	40	0.575851916	49866.67	-59174.11	C80	10
43	41	0.536907342	49866.67	-52144.01	C80	11
43	42	0.500406999	49866.67	-45113.91	C80	12
43	43	0.466924451	49866.67	-38083.82	C80	13
43	44	0.437153667	49866.67	-31053.72	C80	14
43	45	0.411900256	49866.67	-24023.62	C80	15
43	46	0.392038162	49866.67	-16993.53	C80	15
43	47	0.378417266	49866.67	-9963.43	C80	15
43	48	0.371724281	49866.67	-2933.33	C80	15
43	49	0.372332999	49866.67	4096.76	C80	15
43	50	0.380208352	49866.67	11126.86	C80	15
43	51	0.394915847	49866.67	18156.96	C80	15
43	52	0.415731005	49866.67	25187.05	C80	15
43	53	0.441791375	49866.67	32217.15	C80	14
43	54	0.472229367	49866.67	39247.25	C80	13
43	55	0.506256002	49866.67	46277.34	C80	12
43	56	0.543197304	49866.67	53307.44	C80	11
43	57	0.582499004	49866.67	60337.54	C80	10
43	58	0.623715059	49866.67	67367.63	C80	9
43	59	0.666490411	49866.67	74397.73	C80	8
43	60	0.710543501	49866.67	81427.83	C80	7
43	61	0.755650894	49866.67	88457.92	C80	6
43	62	0.801634635	49866.67	95488.02	C80	5
43	63	0.848352232	49866.67	102518.12	E20	4
43	64	0.895688863	49866.67	109548.21	E20	3
43	65	0.943551363	49866.67	116578.31	E20	2
43	66	0.991863608	49866.67	123608.41	E1	1
44	32	0.953755352	55733.33	-115414.88	E1	1
44	33	0.906931352	55733.33	-108384.78	E20	2
44	34	0.860739968	55733.33	-101354.69	E20	3
44	35	0.81528873	55733.33	-94324.59	C80	4
44	36	0.770708597	55733.33	-87294.49	C80	5
44	37	0.727159801	55733.33	-80264.4	C80	6
44	38	0.684839119	55733.33	-73234.3	C80	7
44	39	0.643988718	55733.33	-66204.2	C80	8
44	40	0.604906543	55733.33	-59174.11	C80	9
44	41	0.567957735	55733.33	-52144.01	C80	10
44	42	0.533585663	55733.33	-45113.91	C80	11
44	43	0.502319558	55733.33	-38083.82	C80	12
44	44	0.474773445	55733.33	-31053.72	C80	13
44	45	0.451628516	55733.33	-24023.62	C80	14
44	46	0.433590148	55733.33	-16993.53	C80	14
44	47	0.421314755	55733.33	-9963.43	C80	14
44	48	0.415313661	55733.33	-2933.33	C80	14
44	49	0.41585858	55733.33	4096.76	C80	14
44	50	0.422924209	55733.33	11126.86	C80	14
44	51	0.436193789	55733.33	18156.96	C80	14
44	52	0.455124999	55733.33	25187.05	C80	14
44	53	0.47904709	55733.33	32217.15	C80	13
44	54	0.507254444	55733.33	39247.25	C80	12
44	55	0.539074796	55733.33	46277.34	C80	11
44	56	0.57390749	55733.33	53307.44	C80	10
44	57	0.611237748	55733.33	60337.54	C80	9
44	58	0.65063582	55733.33	67367.63	C80	8
44	59	0.691748483	55733.33	74397.73	C80	7
44	60	0.734287793	55733.33	81427.83	C80	6
44	61	0.778019775	55733.33	88457.92	C80	5
44	62	0.822754267	55733.33	95488.02	C80	4
44	63	0.868336343	55733.33	102518.12	E20	3
44	64	0.914639292	55733.33	109548.21	E20	2
44	65	0.961558979	55733.33	116578.31	E1	1
45	32	0.973533564	61600	-115414.88	E1	1
45	33	0.927708363	61600	-108384.78	E20	2
45	34	0.88260502	61600	-101354.69	E20	3
45	35	0.838340051	61600	-94324.59	E20	4
45	36	0.795053501	61600	-87294.49	C80	5
45	37	0.752914142	61600	-80264.4	C80	6
45	38	0.712125654	61600	-73234.3	C80	7
45	39	0.672933724	61600	-66204.2	C80	8
45	40	0.635633742	61600	-59174.11	C80	9
45	41	0.600578319	61600	-52144.01	C80	10
45	42	0.568183059	61600	-45113.91	C80	11
45	43	0.538927887	61600	-38083.82	C80	12
45	44	0.513349932	61600	-31053.72	C80	12
45	45	0.492023013	61600	-24023.62	C80	13
45	46	0.475519447	61600	-16993.53	C80	13
45	47	0.4643538	61600	-9963.43	C80	13
45	48	0.458915859	61600	-2933.33	C80	13
45	49	0.459409063	61600	4096.76	C80	13
45	50	0.465814572	61600	11126.86	C80	13
45	51	0.477894707	61600	18156.96	C80	13
45	52	0.495234382	61600	25187.05	C80	13
45	53	0.517304981	61600	32217.15	C80	12
45	54	0.543530496	61600	39247.25	C80	12
45	55	0.573341054	61600	46277.34	C80	11
45	56	0.606207997	61600	53307.44	C80	10
45	57	0.641661837	61600	60337.54	C80	9
45	58	0.679297651	61600	67367.63	C80	8
45	59	0.718772768	61600	74397.73	C80	7
45	60	0.75980056	61600	81427.83	C80	6
45	61	0.802142817	61600	88457.92	C80	5
45	62	0.845602101	61600	95488.02	E20	4
45	63	0.890014794	61600	102518.12	E20	3
45	64	0.935245082	61600	109548.21	E20	2
45	65	0.981179901	61600	116578.31	E1	1
46	33	0.950038404	67466.67	-108384.78	E1	1
46	34	0.90604734	67466.67	-101354.69	E20	2
46	35	0.862985633	67466.67	-94324.59	E20	3
46	36	0.820999532	67466.67	-87294.49	C80	4
46	37	0.780262691	67466.67	-80264.4	C80	5
46	38	0.74098118	67466.67	-73234.3	C80	6
46	39	0.703398862	67466.67	-66204.2	C80	7
46	40	0.667802677	67466.67	-59174.11	C80	8
46	41	0.634526973	67466.67	-52144.01	C80	9
46	42	0.603955421	67466.67	-45113.91	C80	10
46	43	0.576518368	67466.67	-38083.82	C80	11
46	44	0.552682833	67466.67	-31053.72	C80	11
46	45	0.532932272	67466.67	-24023.62	C80	12
46	46	0.517734397	67466.67	-16993.53	C80	12
46	47	0.507498387	67466.67	-9963.43	C80	12
46	48	0.502527539	67466.67	-2933.33	C80	12
46	49	0.50297798	67466.67	4096.76	C80	12
46	50	0.508835314	67466.67	11126.86	C80	12
46	51	0.519916832	67466.67	18156.96	C80	12
46	52	0.535898549	67466.67	25187.05	C80	12
46	53	0.556358342	67466.67	32217.15	C80	11
46	54	0.580823176	67466.67	39247.25	C80	11
46	55	0.608810418	67466.67	46277.34	C80	10
46	56	0.639858029	67466.67	53307.44	C80	9
46	57	0.673542927	67466.67	60337.54	C80	8
46	58	0.709489578	67466.67	67367.63	C80	7
46	59	0.747371697	67466.67	74397.73	C80	6
46	60	0.786909813	67466.67	81427.83	C80	5
46	61	0.827866692	67466.67	88457.92	C80	4
46	62	0.870041996	67466.67	95488.02	E20	3
46	63	0.913266935	67466.67	102518.12	E20	2
46	64	0.957399355	67466.67	109548.21	E1	1
47	33	0.973814645	73333.33	-108384.78	E1	1
47	34	0.930947784	73333.33	-101354.69	E20	2
47	35	0.889092907	73333.33	-94324.59	E20	3
47	36	0.848399803	73333.33	-87294.49	E20	4
47	37	0.809043794	73333.33	-80264.4	C80	5
47	38	0.771229605	73333.33	-73234.3	C80	6
47	39	0.73519518	73333.33	-66204.2	C80	7
47	40	0.701214953	73333.33	-59174.11	C80	8
47	41	0.669601728	73333.33	-52144.01	C80	9
47	42	0.640705974	73333.33	-45113.91	C80	9
47	43	0.614910907	73333.33	-38083.82	C80	10
47	44	0.592621556	73333.33	-31053.72	C80	10
47	45	0.574246289	73333.33	-24023.62	C80	11
47	46	0.560170421	73333.33	-16993.53	C80	11
47	47	0.550723712	73333.33	-9963.43	C80	11
47	48	0.546146429	73333.33	-2933.33	C80	11
47	49	0.546560923	73333.33	4096.76	C80	11
47	50	0.55195595	73333.33	11126.86	C80	11
47	51	0.562188141	73333.33	18156.96	C80	11
47	52	0.577000216	73333.33	25187.05	C80	11
47	53	0.596050836	73333.33	32217.15	C80	10
47	54	0.61894875	73333.33	39247.25	C80	10
47	55	0.645284526	73333.33	46277.34	C80	9
47	56	0.674655683	73333.33	53307.44	C80	9
47	57	0.706683854	73333.33	60337.54	C80	8
47	58	0.741024598	73333.33	67367.63	C80	7
47	59	0.777371499	73333.33	74397.73	C80	6
47	60	0.815456343	73333.33	81427.83	C80	5
47	61	0.855046931	73333.33	88457.92	E20	4
47	62	0.895943675	73333.33	95488.02	E20	3
47	63	0.93797574	73333.33	102518.12	E20	2
47	64	0.980997206	73333.33	109548.21	E1	1
48	34	0.957192564	79200	-101354.69	E1	1
48	35	0.916536974	79200	-94324.59	E20	2
48	36	0.877118038	79200	-87294.49	E20	3
48	37	0.839110057	79200	-80264.4	E20	4
48	38	0.80271348	79200	-73234.3	C80	5
48	39	0.768157393	79200	-66204.2	C80	6
48	40	0.735701187	79200	-59174.11	C80	7
48	41	0.705634679	79200	-52144.01	C80	8
48	42	0.678275734	79200	-45113.91	C80	8
48	43	0.653964258	79200	-38083.82	C80	9
48	44	0.633051448	79200	-31053.72	C80	9
48	45	0.615883616	79200	-24023.62	C80	10
48	46	0.602780829	79200	-16993.53	C80	10
48	47	0.59401215	79200	-9963.43	C80	10
48	48	0.589770929	79200	-2933.33	C80	10
48	49	0.590154785	79200	4096.76	C80	10
48	50	0.595154768	79200	11126.86	C80	10
48	51	0.604656377	79200	18156.96	C80	10
48	52	0.618452162	79200	25187.05	C80	10
48	53	0.636262859	79200	32217.15	C80	9
48	54	0.657762406	79200	39247.25	C80	9
48	55	0.682602334	79200	46277.34	C80	8
48	56	0.710432346	79200	53307.44	C80	8
48	57	0.74091558	79200	60337.54	C80	7
48	58	0.77373851	79200	67367.63	C80	6
48	59	0.808616272	79200	74397.73	C80	5
48	60	0.845294549	79200	81427.83	E20	4
48	61	0.883549139	79200	88457.92	E20	3
48	62	0.923184107	79200	95488.02	E20	2
48	63	0.96402921	79200	102518.12	E1	1
49	34	0.984674192	85066.67	-101354.69	E1	1
49	35	0.945201399	85066.67	-94324.59	E20	2
49	36	0.907029058	85066.67	-87294.49	E20	3
49	37	0.870328299	85066.67	-80264.4	E20	4
49	38	0.835293117	85066.67	-73234.3	E20	5
49	39	0.802141783	85066.67	-66204.2	C80	6
49	40	0.771117304	85066.67	-59174.11	C80	6
49	41	0.742486337	85066.67	-52144.01	C80	7
49	42	0.716535855	85066.67	-45113.91	C80	7
49	43	0.693566803	85066.67	-38083.82	C80	8
49	44	0.673884111	85066.67	-31053.72	C80	8
49	45	0.657782858	85066.67	-24023.62	C80	9
49	46	0.64553109	85066.67	-16993.53	C80	9
49	47	0.637350841	85066.67	-9963.43	C80	9
49	48	0.633399881	85066.67	-2933.33	C80	9
49	49	0.633757312	85066.67	4096.76	C80	9
49	50	0.638415898	85066.67	11126.86	C80	9
49	51	0.647282777	85066.67	18156.96	C80	9
49	52	0.66018841	85066.67	25187.05	C80	9
49	53	0.676901829	85066.67	32217.15	C80	8
49	54	0.697149226	85066.67	39247.25	C80	8
49	55	0.720632782	85066.67	46277.34	C80	7
49	56	0.747047374	85066.67	53307.44	C80	7
49	57	0.776093781	85066.67	60337.54	C80	6
49	58	0.807488045	85066.67	67367.63	C80	6
49	59	0.840967262	85066.67	74397.73	E20	5
49	60	0.876292494	85066.67	81427.83	E20	4
49	61	0.913249551	85066.67	88457.92	E20	3
49	62	0.951648336	85066.67	95488.02	E20	2
49	63	0.991321329	85066.67	102518.12	E1	1
50	35	0.974978552	90933.33	-94324.59	E1	1
50	36	0.938018766	90933.33	-87294.49	E20	2
50	37	0.902578994	90933.33	-80264.4	E20	3
50	38	0.868845259	90933.33	-73234.3	E20	4
50	39	0.837023855	90933.33	-66204.2	E20	5
50	40	0.807340938	90933.33	-59174.11	C80	5
50	41	0.780040674	90933.33	-52144.01	C80	6
50	42	0.755381443	90933.33	-45113.91	C80	6
50	43	0.733629609	90933.33	-38083.82	C80	7
50	44	0.71505055	90933.33	-31053.72	C80	7
50	45	0.699896979	90933.33	-24023.62	C80	8
50	46	0.688395149	90933.33	-16993.53	C80	8
50	47	0.680730187	90933.33	-9963.43	C80	8
50	48	0.677032423	90933.33	-2933.33	C80	8
50	49	0.67736683	90933.33	4096.76	C80	8
50	50	0.681727476	90933.33	11126.86	C80	8
50	51	0.690038033	90933.33	18156.96	C80	8
50	52	0.702158265	90933.33	25187.05	C80	8
50	53	0.717895242	90933.33	32217.15	C80	7
50	54	0.737017324	90933.33	39247.25	C80	7
50	55	0.759268793	90933.33	46277.34	C80	6
50	56	0.78438337	90933.33	53307.44	C80	6
50	57	0.812095468	90933.33	60337.54	C80	5
50	58	0.842148701	90933.33	67367.63	E20	5
50	59	0.87430168	90933.33	74397.73	E20	4
50	60	0.908331453	90933.33	81427.83	E20	3
50	61	0.944035081	90933.33	88457.92	E20	2
50	62	0.981229865	90933.33	95488.02	E1	1
51	36	0.969983779	96800	-87294.49	E1	1
51	37	0.935755399	96800	-80264.4	E20	2
51	38	0.90326154	96800	-73234.3	E20	3
51	39	0.872695972	96800	-66204.2	E20	4
51	40	0.844268154	96800	-59174.11	E20	4
51	41	0.818200941	96800	-52144.01	C80	5
51	42	0.794726652	96800	-45113.91	C80	5
51	43	0.774081216	96800	-38083.82	C80	6
51	44	0.756496275	96800	-31053.72	C80	6
51	45	0.742189401	96800	-24023.62	C80	7
51	46	0.731352997	96800	-16993.53	C80	7
51	47	0.724142882	96800	-9963.43	C80	7
51	48	0.720667904	96800	-2933.33	C80	7
51	49	0.720982072	96800	4096.76	C80	7
51	50	0.725080462	96800	11126.86	C80	7
51	51	0.732899592	96800	18156.96	C80	7
51	52	0.744322212	96800	25187.05	C80	7
51	53	0.759185685	96800	32217.15	C80	6
51	54	0.777292649	96800	39247.25	C80	6
51	55	0.798422461	96800	46277.34	C80	5
51	56	0.822342141	96800	53307.44	C80	5
51	57	0.848815867	96800	60337.54	E20	4
51	58	0.877612535	96800	67367.63	E20	4
51	59	0.908511284	96800	74397.73	E20	3
51	60	0.941305133	96800	81427.83	E20	2
51	61	0.975803034	96800	88457.92	E1	1
52	37	0.96976251	102666.67	-80264.4	E1	1
52	38	0.938446892	102666.67	-73234.3	E20	2
52	39	0.909065134	102666.67	-66204.2	E20	3
52	40	0.881810566	102666.67	-59174.11	E20	3
52	41	0.856886188	102666.67	-52144.01	E20	4
52	42	0.834500815	102666.67	-45113.91	E20	4
52	43	0.814863724	102666.67	-38083.82	C80	5
52	44	0.798177783	102666.67	-31053.72	C80	5
52	45	0.784631293	102666.67	-24023.62	C80	6
52	46	0.774389027	102666.67	-16993.53	C80	6
52	47	0.767583268	102666.67	-9963.43	C80	6
52	48	0.76430582	102666.67	-2933.33	C80	6
52	49	0.764602058	102666.67	4096.76	C80	6
52	50	0.76846785	102666.67	11126.86	C80	6
52	51	0.775849838	102666.67	18156.96	C80	6
52	52	0.786649041	102666.67	25187.05	C80	6
52	53	0.800727209	102666.67	32217.15	C80	5
52	54	0.817915045	102666.67	39247.25	C80	5
52	55	0.838021232	102666.67	46277.34	E20	4
52	56	0.860841307	102666.67	53307.44	E20	4
52	57	0.886165636	102666.67	60337.54	E20	3
52	58	0.913786036	102666.67	67367.63	E20	3
52	59	0.943500881	102666.67	74397.73	E20	2
52	60	0.975118717	102666.67	81427.83	E1	1
53	38	0.974317997	108533.33	-73234.3	E1	1
53	39	0.946050955	108533.33	-66204.2	E20	2
53	40	0.919892855	108533.33	-59174.11	E20	2
53	41	0.89602842	108533.33	-52144.01	E20	3
53	42	0.874645414	108533.33	-45113.91	E20	3
53	43	0.855929833	108533.33	-38083.82	E20	4
53	44	0.840059977	108533.33	-31053.72	E20	4
53	45	0.827199647	108533.33	-24023.62	C80	5
53	46	0.817490891	108533.33	-16993.53	C80	5
53	47	0.811046893	108533.33	-9963.43	C80	5
53	48	0.807945776	108533.33	-2933.33	C80	5
53	49	0.808226019	108533.33	4096.76	C80	5
53	50	0.811884122	108533.33	11126.86	C80	5
53	51	0.818874815	108533.33	18156.96	C80	5
53	52	0.829113807	108533.33	25187.05	C80	5
53	53	0.842482673	108533.33	32217.15	E20	4
53	54	0.858835265	108533.33	39247.25	E20	4
53	55	0.878004884	108533.33	46277.34	E20	3
53	56	0.899811506	108533.33	53307.44	E20	3
53	57	0.924068463	108533.33	60337.54	E20	2
53	58	0.950588192	108533.33	67367.63	E20	2
53	59	0.979186858	108533.33	74397.73	E1	1
54	39	0.983583872	114400	-66204.2	E1	1
54	40	0.958450672	114400	-59174.11	E1	1
54	41	0.935570283	114400	-52144.01	E20	2
54	42	0.915111701	114400	-45113.91	E20	2
54	43	0.897240605	114400	-38083.82	E20	3
54	44	0.882114272	114400	-31053.72	E20	3
54	45	0.8698759	114400	-24023.62	E20	4
54	46	0.860648698	114400	-16993.53	E20	4
54	47	0.854530215	114400	-9963.43	E20	4
54	48	0.85158746	114400	-2933.33	E20	4
54	49	0.851853346	114400	4096.76	E20	4
54	50	0.855324881	114400	11126.86	E20	4
54	51	0.861963333	114400	18156.96	E20	4
54	52	0.871696352	114400	25187.05	E20	4
54	53	0.884421777	114400	32217.15	E20	3
54	54	0.900012687	114400	39247.25	E20	3
54	55	0.918323146	114400	46277.34	E20	2
54	56	0.939194108	114400	53307.44	E20	2
54	57	0.962459012	114400	60337.54	E1	1
54	58	0.987948751	114400	67367.63	E1	1
55	41	0.975463178	120266.67	-52144.01	E1	1
55	42	0.95585882	120266.67	-45113.91	E1	1
55	43	0.938763741	120266.67	-38083.82	E20	2
55	44	0.924317179	120266.67	-31053.72	E20	2
55	45	0.912644914	120266.67	-24023.62	E20	3
55	46	0.903854435	120266.67	-16993.53	E20	3
55	47	0.89803037	120266.67	-9963.43	E20	3
55	48	0.895230618	120266.67	-2933.33	E20	3
55	49	0.895483546	120266.67	4096.76	E20	3
55	50	0.898786576	120266.67	11126.86	E20	3
55	51	0.905106317	120266.67	18156.96	E20	3
55	52	0.91438022	120266.67	25187.05	E20	3
55	53	0.926519583	120266.67	32217.15	E20	2
55	54	0.941413562	120266.67	39247.25	E20	2
55	55	0.958933813	120266.67	46277.34	E1	1
55	56	0.978939339	120266.67	53307.44	E1	1
56	43	0.980472259	126133.33	-38083.82	E1	1
56	44	0.966649231	126133.33	-31053.72	E1	1
56	45	0.955494233	126133.33	-24023.62	E20	2
56	46	0.947101541	126133.33	-16993.53	E20	2
56	47	0.941545025	126133.33	-9963.43	E20	2
56	48	0.938875044	126133.33	-2933.33	E20	2
56	49	0.939116218	126133.33	4096.76	E20	2
56	50	0.94226631	126133.33	11126.86	E20	2
56	51	0.948296332	126133.33	18156.96	E20	2
56	52	0.957151857	126133.33	25187.05	E20	2
56	53	0.968755401	126133.33	32217.15	E1	1
56	54	0.983009656	126133.33	39247.25	E1	1
57	45	0.998413517	132000	-24023.62	E1	1
57	46	0.990384598	132000	-16993.53	E1	1
57	47	0.985072261	132000	-9963.43	E1	1
57	48	0.982520571	132000	-2933.33	E1	1
57	49	0.982751033	132000	4096.76	E1	1
57	50	0.985761696	132000	11126.86	E1	1
57	51	0.991527235	132000	18156.96	E1	1
57	52	1	132000	25187.05	E1	1
